feature,importance
diff_kd,0.54107445
diff_acs,0.15643467
diff_adr,0.06766719
diff_rating,0.034060683
diff_kast,0.021469198
form_diff_5,0.016902454
team_a_form_20,0.015803354
team_b_form_20,0.015439468
team_a_form_5,0.015431815
team_b_form_10,0.015351555
diff_hs_pct,0.015268386
form_diff_10,0.014946309
team_a_form_10,0.014661913
h2h_ratio,0.014420369
diff_fk,0.014141326
form_diff_20,0.014016931
team_b_form_5,0.0129099805
